Tool,Batch,Command LOC,RunAsync,Async Main,Await Count,Option Literals,ReadLine Calls,ReadAll Calls,ReadToEnd Calls,Whole-input Risk,Task.Run Calls,Blocking WaitForExit,P/Invoke,NotImplementedException
arch,7,42,False,False,0,0,0,0,0,False,0,0,False,0
b2sum,5,85,False,False,0,1,0,0,0,False,0,0,False,0
base32,4,123,False,False,0,3,0,1,0,True,0,0,False,0
base64,4,72,False,False,0,3,0,1,0,True,0,0,False,0
basename,7,66,False,False,0,0,0,0,0,False,0,0,False,0
basenc,4,134,False,False,0,3,0,2,2,True,0,0,False,0
cat,3,99,False,False,0,0,1,0,0,False,0,0,False,0
chcon,21,131,False,False,0,2,0,0,0,False,0,2,False,0
chgrp,21,33,False,False,0,0,0,0,0,False,0,0,False,3
chmod,21,92,False,False,0,0,0,0,0,False,0,0,False,0
chown,21,25,False,False,0,0,0,0,0,False,0,0,False,2
chroot,21,19,False,False,0,0,0,0,0,False,0,0,False,1
cksum,5,80,False,False,0,2,0,0,0,False,0,0,False,0
comm,12,153,False,False,0,4,1,0,0,False,0,0,False,0
cp,22,91,False,False,0,2,0,0,0,False,0,0,False,0
csplit,14,143,False,False,0,1,2,0,0,False,0,0,False,0
cut,12,166,False,False,0,4,1,0,0,True,0,0,False,0
date,9,104,False,False,0,3,0,0,0,False,0,0,False,0
df,24,52,False,False,0,0,0,0,0,False,0,0,False,0
diff,16,61,False,False,0,0,0,2,0,True,0,0,False,0
dir,23,96,False,False,0,3,0,0,0,False,0,0,False,0
dircolors,23,105,False,False,0,3,0,1,0,True,0,0,False,0
dirname,7,53,False,False,0,0,0,0,0,False,0,0,False,0
du,24,49,False,False,0,0,0,0,0,False,0,0,False,0
echo,6,88,False,False,0,3,0,0,0,False,0,0,False,0
ed,17,188,False,False,0,0,3,1,0,True,0,0,False,0
env,26,90,False,False,0,0,0,0,0,False,0,1,False,0
expand,11,97,False,False,0,1,1,0,0,False,0,0,False,0
expr,10,95,False,False,0,0,0,0,0,False,0,0,False,0
factor,6,89,False,False,0,0,1,0,0,False,0,0,False,0
false,6,16,False,False,0,0,0,0,0,False,0,0,False,0
fmt,11,125,False,False,0,1,1,0,0,False,0,0,False,0
fold,11,77,False,False,0,1,1,0,0,False,0,0,False,0
grep,15,160,False,False,0,7,1,0,0,False,0,0,False,0
groups,8,189,False,False,0,1,0,0,0,False,0,0,False,1
head,1,1307,True,True,38,15,0,0,0,False,0,0,False,0
hostname,7,16,False,False,0,0,0,0,0,False,0,0,False,0
id,8,127,False,False,0,4,0,0,0,False,0,0,True,0
install,22,313,False,False,0,12,0,0,0,False,0,3,False,0
join,12,108,False,False,0,1,2,0,0,False,0,0,False,0
kill,26,39,False,False,0,0,0,0,0,False,0,0,False,0
link,19,214,False,False,0,8,0,0,0,False,0,2,True,0
ln,19,167,False,False,0,5,0,0,0,False,0,0,True,0
logname,8,35,False,False,0,2,0,0,0,False,0,0,False,0
ls,23,568,False,False,0,0,0,0,0,True,0,0,False,1
md5sum,5,79,False,False,0,0,0,1,0,True,0,0,False,0
mkdir,19,53,False,False,0,0,0,0,0,False,0,0,False,0
mv,22,91,False,False,0,0,0,0,0,False,0,0,False,0
nice,26,128,False,False,0,3,0,0,0,False,0,1,True,0
nl,11,142,False,False,0,0,2,0,0,False,0,0,False,0
od,14,108,False,False,0,1,0,0,0,False,0,0,False,0
paste,12,86,False,False,0,1,1,0,0,False,0,0,False,0
patch,16,92,False,False,0,0,0,2,0,True,0,0,False,0
pathchk,7,33,False,False,0,1,0,0,0,False,0,0,False,0
pinky,9,100,False,False,0,3,0,0,2,True,0,1,False,0
pr,14,90,False,False,0,2,1,0,0,False,0,0,False,0
printenv,7,45,False,False,0,0,0,0,0,False,0,0,False,0
ps,9,34,False,False,0,0,0,0,0,False,0,0,False,0
ptx,13,76,False,False,0,0,1,0,0,False,0,0,False,0
pwd,7,54,False,False,0,2,0,0,0,False,0,0,False,0
readlink,20,50,False,False,0,0,0,0,0,False,0,0,False,1
realpath,20,66,False,False,0,0,0,0,0,False,0,0,False,0
rm,19,69,False,False,0,0,0,0,0,False,0,0,False,0
rmdir,19,55,False,False,0,1,0,0,0,False,0,0,False,0
runcon,21,18,False,False,0,0,0,0,0,False,0,0,False,1
sed,2,4115,True,True,64,28,0,0,0,True,0,0,False,0
seq,6,128,False,False,0,3,0,0,0,False,0,0,False,0
sha1sum,5,81,False,False,0,0,0,1,0,True,0,0,False,0
sha224sum,5,33,False,False,0,1,0,0,0,False,0,0,False,0
sha256sum,5,80,False,False,0,0,0,1,0,True,0,0,False,0
sha384sum,5,80,False,False,0,0,0,1,0,True,0,0,False,0
sha512sum,5,80,False,False,0,0,0,1,0,True,0,0,False,0
shred,25,76,False,False,0,2,0,0,0,False,0,0,False,0
shuf,13,99,False,False,0,1,3,0,0,True,0,0,False,0
sleep,6,48,False,False,0,0,0,0,0,False,0,0,False,0
sort,13,105,False,False,0,0,3,0,0,True,0,0,False,0
split,14,147,False,False,0,2,1,0,0,False,0,0,False,0
stat,20,54,False,False,0,0,0,0,0,False,0,0,False,0
stdbuf,26,117,False,False,0,5,0,0,0,False,0,2,False,0
sum,5,42,False,False,0,0,0,0,0,False,0,0,False,0
sync,25,58,False,False,0,2,0,0,0,False,0,1,False,0
tac,14,69,False,False,0,2,1,1,1,True,0,0,False,0
tail,1,2026,True,True,60,26,0,0,0,False,0,0,False,0
tar,18,109,False,False,0,2,0,0,0,True,0,0,False,0
tee,3,66,False,False,0,3,1,0,0,False,0,0,False,0
test,10,90,False,False,0,4,0,0,0,False,0,0,False,0
timeout,26,117,False,False,4,0,2,0,0,False,2,1,False,0
touch,20,120,False,False,0,4,0,0,0,False,0,0,False,0
tr,13,128,False,False,0,2,2,0,0,False,0,0,False,0
true,6,16,False,False,0,0,0,0,0,False,0,0,False,0
tsort,13,102,False,False,0,2,0,1,1,True,0,0,False,0
uname,8,125,False,False,0,6,0,0,0,False,0,0,False,0
unexpand,11,108,False,False,0,1,1,0,0,False,0,0,False,0
uniq,12,105,False,False,0,3,1,0,0,False,0,0,False,0
unlink,19,54,False,False,0,2,0,0,0,False,0,0,False,0
uptime,9,56,False,False,0,0,0,1,0,True,0,0,False,0
users,8,78,False,False,0,3,1,0,1,True,0,1,False,0
vdir,23,111,False,False,0,2,0,0,0,False,0,0,False,0
wc,3,145,False,False,0,3,0,1,0,True,0,0,False,0
who,8,33,False,False,0,0,0,0,0,False,0,0,False,0
whoami,8,25,False,False,0,0,0,0,0,False,0,0,False,0
yes,6,36,False,False,0,0,0,0,0,False,0,0,False,0
